{"meta": {"input_name": "mnist_test_18", "original_label": 3, "attack_label": 8, "is_finish": true, "is_timeout": false, "solve_all_ctr": false}, "total": {"total_wall_time": 89.19415259361267, "total_cpu_time": 61.08462990000044, "total_iter": 1}, "iters": {"sat": [0, 1], "unsat": [0, 6], "unknown": [0, 0], "gen_constraint": [202, 191], "solve_constraint": [0, 7], "iter_wall_time": [46.42384934425354, 42.69191789627075], "iter_cpu_time": [32.42499609999868, 28.643584999997984], "execute_wall_time": [46.42379975318909, 41.38295769691467], "execute_cpu_time": [32.42495380000037, 28.155872499999532], "solve_constraint_wall_time": [0, 1.3088281154632568], "solve_constraint_cpu_time": [0, 0.48759919999793055]}, "constraint_complexity": {"type": ["unsat", "unsat", "unsat", "unsat", "unsat", "unsat", "sat"], "time": [0.19519853591918945, 0.17424893379211426, 0.20199894905090332, 0.17951035499572754, 0.18126583099365234, 0.1773240566253662, 0.19643402099609375], "byte": [586, 668, 794, 898, 1050, 1176, 1273], "assert_num": [5, 6, 7, 8, 9, 10, 11], "assert_len": [[97, 54, 52, 54, 54], [91, 87, 54, 52, 54, 54], [91, 93, 119, 54, 52, 54, 54], [91, 93, 113, 109, 54, 52, 54, 54], [91, 93, 113, 115, 145, 54, 52, 54, 54], [91, 93, 113, 115, 139, 131, 54, 52, 54, 54], [91, 93, 113, 115, 139, 137, 90, 54, 52, 54, 54]]}}