{"meta": {"input_name": "mnist_test_73", "original_label": 9, "attack_label": 8, "is_finish": true, "is_timeout": false, "solve_all_ctr": false}, "total": {"total_wall_time": 38.3339786529541, "total_cpu_time": 26.73640240000077, "total_iter": 1}, "iters": {"sat": [0, 1], "unsat": [0, 12], "unknown": [0, 0], "gen_constraint": [125, 105], "solve_constraint": [0, 13], "iter_wall_time": [19.559072732925415, 18.71427845954895], "iter_cpu_time": [14.155949200000578, 12.566846099999566], "execute_wall_time": [19.559025526046753, 17.493475914001465], "execute_cpu_time": [14.155906200000572, 12.21156450000035], "solve_constraint_wall_time": [0, 1.2206757068634033], "solve_constraint_cpu_time": [0, 0.35516009999992093]}, "constraint_complexity": {"type": ["unsat", "unsat", "unsat", "unsat", "unsat", "unsat", "unsat", "unsat", "unsat", "unsat", "unsat", "unsat", "sat"], "time": [0.09302568435668945, 0.09231686592102051, 0.08846545219421387, 0.09790205955505371, 0.09879684448242188, 0.0884714126586914, 0.09408879280090332, 0.08826279640197754, 0.0879364013671875, 0.08246326446533203, 0.09462356567382812, 0.09739351272583008, 0.11185932159423828], "byte": [237, 332, 453, 570, 723, 850, 1019, 1188, 1379, 1566, 1793, 1990, 2233], "assert_num": [2, 3, 4, 5, 6, 7, 8, 9, 10, 11, 12, 13, 14], "assert_len": [[88, 56], [94, 88, 56], [94, 94, 114, 56], [94, 94, 120, 110, 56], [94, 94, 120, 116, 146, 56], [94, 94, 120, 116, 140, 132, 56], [94, 94, 120, 116, 140, 138, 162, 56], [94, 94, 120, 116, 140, 138, 168, 162, 56], [94, 94, 120, 116, 140, 138, 168, 168, 184, 56], [94, 94, 120, 116, 140, 138, 168, 168, 190, 180, 56], [94, 94, 120, 116, 140, 138, 168, 168, 190, 186, 220, 56], [94, 94, 120, 116, 140, 138, 168, 168, 190, 186, 214, 202, 56], [94, 94, 120, 116, 140, 138, 168, 168, 190, 186, 214, 208, 236, 56]]}}