{"meta": {"input_name": "mnist_test_24", "original_label": 4, "attack_label": 2, "is_finish": true, "is_timeout": false, "solve_all_ctr": false}, "total": {"total_wall_time": 164.34262466430664, "total_cpu_time": 115.99021919999723, "total_iter": 2}, "iters": {"sat": [0, 1, 1], "unsat": [0, 4, 1], "unknown": [0, 0, 0], "gen_constraint": [253, 235, 245], "solve_constraint": [0, 5, 2], "iter_wall_time": [45.861348390579224, 60.40035367012024, 57.979517459869385], "iter_cpu_time": [31.21231259999695, 45.20724870000049, 39.555763399999705], "execute_wall_time": [45.86131000518799, 59.3360276222229, 57.57317900657654], "execute_cpu_time": [31.21227329999965, 44.8484722999965, 39.387729999998555], "solve_constraint_wall_time": [0, 1.06423020362854, 0.4062185287475586], "solve_constraint_cpu_time": [0, 0.3586888000027102, 0.16792180000265944]}, "constraint_complexity": {"type": ["unsat", "unsat", "unsat", "unsat", "sat", "unsat", "sat"], "time": [0.33055973052978516, 0.1840229034423828, 0.17380809783935547, 0.18332767486572266, 0.1900491714477539, 0.21570539474487305, 0.18896818161010742], "byte": [590, 672, 776, 858, 1005, 1126, 1252], "assert_num": [5, 6, 7, 8, 9, 10, 11], "assert_len": [[97, 54, 54, 54, 54], [91, 87, 54, 54, 54, 54], [91, 93, 97, 54, 54, 54, 54], [91, 93, 91, 87, 54, 54, 54, 54], [91, 93, 91, 93, 140, 54, 54, 54, 54], [91, 93, 91, 93, 134, 126, 54, 54, 54, 54], [91, 93, 91, 93, 134, 132, 119, 54, 54, 54, 54]]}}