{"meta": {"input_name": "mnist_test_21", "original_label": 6, "attack_label": null, "is_finish": true, "is_timeout": true, "solve_all_ctr": false}, "total": {"total_wall_time": 1800.122559785843, "total_cpu_time": 88.79874170000039, "total_iter": 1}, "iters": {"sat": [0, 1], "unsat": [0, 1], "unknown": [0, 0], "gen_constraint": [324, 313], "solve_constraint": [0, 2], "iter_wall_time": [48.00665330886841, 60.93487358093262], "iter_cpu_time": [30.89148280000154, 45.441445500000555], "execute_wall_time": [48.00659728050232, 60.34754538536072], "execute_cpu_time": [30.891425400001026, 45.26848169999721], "solve_constraint_wall_time": [0, 0.5872414112091064, 2.5469555854797363], "solve_constraint_cpu_time": [0, 0.1728869999969902, 0.9953719000004639]}, "constraint_complexity": {"type": ["unsat", "sat", "unsat", "unsat", "unsat", "unsat", "unsat", "unsat", "unsat", "unsat", "unsat", "unsat", "unsat", "sat"], "time": [0.3642151355743408, 0.21946501731872559, 0.2209935188293457, 0.1976315975189209, 0.19747233390808105, 0.21613717079162598, 0.20946621894836426, 0.21831703186035156, 0.20995163917541504, 0.20264792442321777, 0.20757007598876953, 0.20709800720214844, 0.22652292251586914, 0.2281351089477539], "byte": [588, 686, 802, 922, 1074, 1200, 1316, 1440, 1604, 1772, 1998, 2194, 2353, 2516], "assert_num": [5, 6, 7, 8, 9, 10, 11, 12, 13, 14, 15, 16, 17, 18], "assert_len": [[87, 54, 54, 56, 56], [93, 91, 54, 54, 56, 56], [93, 97, 109, 54, 54, 56, 56], [93, 97, 115, 113, 54, 54, 56, 56], [93, 97, 115, 119, 145, 54, 54, 56, 56], [93, 97, 115, 119, 139, 131, 54, 54, 56, 56], [93, 97, 115, 119, 139, 137, 109, 54, 54, 56, 56], [93, 97, 115, 119, 139, 137, 115, 117, 54, 54, 56, 56], [93, 97, 115, 119, 139, 137, 115, 123, 157, 54, 54, 56, 56], [93, 97, 115, 119, 139, 137, 115, 123, 163, 161, 54, 54, 56, 56], [93, 97, 115, 119, 139, 137, 115, 123, 163, 167, 219, 54, 54, 56, 56], [93, 97, 115, 119, 139, 137, 115, 123, 163, 167, 213, 201, 54, 54, 56, 56], [93, 97, 115, 119, 139, 137, 115, 123, 163, 167, 213, 207, 152, 54, 54, 56, 56], [93, 97, 115, 119, 139, 137, 115, 123, 163, 167, 213, 207, 158, 156, 54, 54, 56, 56]]}}