{"meta": {"input_name": "mnist_test_18", "original_label": 3, "attack_label": 8, "is_finish": true, "is_timeout": false, "solve_all_ctr": false}, "total": {"total_wall_time": 9.823590517044067, "total_cpu_time": 4.84467810000001, "total_iter": 1}, "iters": {"sat": [0, 1], "unsat": [0, 6], "unknown": [0, 0], "gen_constraint": [114, 104], "solve_constraint": [0, 7], "iter_wall_time": [4.381764888763428, 5.331501722335815], "iter_cpu_time": [2.1295278000000053, 2.7047293000000536], "execute_wall_time": [4.381710767745972, 4.764083623886108], "execute_cpu_time": [2.1294785999999704, 2.637198499999954], "solve_constraint_wall_time": [0, 0.5673465728759766], "solve_constraint_cpu_time": [0, 0.0674664000000007]}, "constraint_complexity": {"type": ["unsat", "unsat", "unsat", "unsat", "unsat", "unsat", "sat"], "time": [0.07540106773376465, 0.09960007667541504, 0.07930874824523926, 0.05247354507446289, 0.10513925552368164, 0.09708452224731445, 0.05582833290100098], "byte": [242, 324, 450, 554, 706, 832, 1000], "assert_num": [2, 3, 4, 5, 6, 7, 8], "assert_len": [[97, 54], [91, 87, 54], [91, 93, 119, 54], [91, 93, 113, 109, 54], [91, 93, 113, 115, 145, 54], [91, 93, 113, 115, 139, 131, 54], [91, 93, 113, 115, 139, 137, 161, 54]]}}