{"meta": {"input_name": "mnist_test_97", "original_label": 7, "attack_label": 8, "is_finish": true, "is_timeout": false, "solve_all_ctr": false}, "total": {"total_wall_time": 50.98468518257141, "total_cpu_time": 35.7711494999985, "total_iter": 1}, "iters": {"sat": [0, 1], "unsat": [0, 4], "unknown": [0, 0], "gen_constraint": [116, 107], "solve_constraint": [0, 5], "iter_wall_time": [26.28475832939148, 24.62283182144165], "iter_cpu_time": [19.076959899999565, 16.679647599999953], "execute_wall_time": [26.284703493118286, 24.068270206451416], "execute_cpu_time": [19.076908500001082, 16.504975800000466], "solve_constraint_wall_time": [0, 0.5544781684875488], "solve_constraint_cpu_time": [0, 0.17459810000036668]}, "constraint_complexity": {"type": ["unsat", "unsat", "unsat", "unsat", "sat"], "time": [0.11536955833435059, 0.11372041702270508, 0.1065664291381836, 0.1036827564239502, 0.11307692527770996], "byte": [237, 318, 443, 546, 697], "assert_num": [2, 3, 4, 5, 6], "assert_len": [[96, 52], [90, 86, 52], [90, 92, 118, 52], [90, 92, 112, 108, 52], [90, 92, 112, 114, 144, 52]]}}