{"meta": {"input_name": "mnist_test_37", "original_label": 1, "attack_label": null, "is_finish": true, "is_timeout": true, "solve_all_ctr": false}, "total": {"total_wall_time": 1800.1299176216125, "total_cpu_time": 104.06144779999886, "total_iter": 1}, "iters": {"sat": [0, 1], "unsat": [0, 0], "unknown": [0, 0], "gen_constraint": [263, 256], "solve_constraint": [0, 1], "iter_wall_time": [62.76163721084595, 59.33563780784607], "iter_cpu_time": [47.298584199998004, 41.98627680000209], "execute_wall_time": [62.76158547401428, 59.05918073654175], "execute_cpu_time": [47.29852870000104, 41.9026225000016], "solve_constraint_wall_time": [0, 0.27635908126831055, 4.013953447341919], "solve_constraint_cpu_time": [0, 0.08356099999946309, 1.5501256999996258]}, "constraint_complexity": {"type": ["sat", "unsat", "unsat", "unsat", "unsat", "unsat", "unsat", "unsat", "unsat", "unsat", "unsat", "unsat", "unsat", "unsat", "unsat", "unsat", "unsat", "unsat", "unsat", "sat"], "time": [0.27528834342956543, 0.28600120544433594, 0.1958770751953125, 0.19267487525939941, 0.19578933715820312, 0.20532703399658203, 0.2154393196105957, 0.19747638702392578, 0.1938793659210205, 0.199631929397583, 0.20936274528503418, 0.21628808975219727, 0.21860265731811523, 0.2169032096862793, 0.20812153816223145, 0.1909630298614502, 0.20736050605773926, 0.1882648468017578, 0.26262617111206055, 0.20479631423950195], "byte": [596, 690, 816, 920, 1050, 1154, 1322, 1486, 1686, 1860, 2042, 2190, 2406, 2618, 2888, 3132, 3384, 3598, 3693, 3792], "assert_num": [5, 6, 7, 8, 9, 10, 11, 12, 13, 14, 15, 16, 17, 18, 19, 20, 21, 22, 23, 24], "assert_len": [[91, 54, 56, 56, 56], [97, 87, 54, 56, 56, 56], [97, 93, 119, 54, 56, 56, 56], [97, 93, 113, 109, 54, 56, 56, 56], [97, 93, 113, 115, 123, 54, 56, 56, 56], [97, 93, 113, 115, 117, 109, 54, 56, 56, 56], [97, 93, 113, 115, 117, 115, 161, 54, 56, 56, 56], [97, 93, 113, 115, 117, 115, 167, 157, 54, 56, 56, 56], [97, 93, 113, 115, 117, 115, 167, 163, 193, 54, 56, 56, 56], [97, 93, 113, 115, 117, 115, 167, 163, 187, 179, 54, 56, 56, 56], [97, 93, 113, 115, 117, 115, 167, 163, 187, 185, 175, 54, 56, 56, 56], [97, 93, 113, 115, 117, 115, 167, 163, 187, 185, 169, 153, 54, 56, 56, 56], [97, 93, 113, 115, 117, 115, 167, 163, 187, 185, 169, 159, 209, 54, 56, 56, 56], [97, 93, 113, 115, 117, 115, 167, 163, 187, 185, 169, 159, 215, 205, 54, 56, 56, 56], [97, 93, 113, 115, 117, 115, 167, 163, 187, 185, 169, 159, 215, 211, 263, 54, 56, 56, 56], [97, 93, 113, 115, 117, 115, 167, 163, 187, 185, 169, 159, 215, 211, 257, 249, 54, 56, 56, 56], [97, 93, 113, 115, 117, 115, 167, 163, 187, 185, 169, 159, 215, 211, 257, 255, 245, 54, 56, 56, 56], [97, 93, 113, 115, 117, 115, 167, 163, 187, 185, 169, 159, 215, 211, 257, 255, 239, 219, 54, 56, 56, 56], [97, 93, 113, 115, 117, 115, 167, 163, 187, 185, 169, 159, 215, 211, 257, 255, 239, 225, 88, 54, 56, 56, 56], [97, 93, 113, 115, 117, 115, 167, 163, 187, 185, 169, 159, 215, 211, 257, 255, 239, 225, 94, 92, 54, 56, 56, 56]]}}