{"meta": {"input_name": "mnist_test_80", "original_label": 7, "attack_label": 9, "is_finish": true, "is_timeout": false, "solve_all_ctr": false}, "total": {"total_wall_time": 35.911694049835205, "total_cpu_time": 23.66233589999956, "total_iter": 1}, "iters": {"sat": [0, 1], "unsat": [0, 4], "unknown": [0, 0], "gen_constraint": [131, 121], "solve_constraint": [0, 5], "iter_wall_time": [16.62299919128418, 19.22126340866089], "iter_cpu_time": [10.577047400000083, 13.069522200000392], "execute_wall_time": [16.622881174087524, 18.704043865203857], "execute_cpu_time": [10.576945100000557, 12.919232600000214], "solve_constraint_wall_time": [0, 0.5170965194702148], "solve_constraint_cpu_time": [0, 0.15016360000026907]}, "constraint_complexity": {"type": ["unsat", "unsat", "unsat", "unsat", "sat"], "time": [0.12054061889648438, 0.0962362289428711, 0.09415316581726074, 0.10829997062683105, 0.09560394287109375], "byte": [242, 324, 450, 554, 706], "assert_num": [2, 3, 4, 5, 6], "assert_len": [[97, 54], [91, 87, 54], [91, 93, 119, 54], [91, 93, 113, 109, 54], [91, 93, 113, 115, 145, 54]]}}